<Modules>
  <Module PersistentId="D63183B2-A674-4EB1-A93A-7E94EEB88A7B" ModuleId="TimesheetApp" />
  <Module PersistentId="9A17F34D-49ED-4F06-BA23-2467AA58CF10" ModuleId="Infrastructure.Commands" />
  <Module PersistentId="45DCD010-EB13-4519-812C-EABF05CE14B4" ModuleId="Infrastructure.Bll.ViewModel" />
  <Module PersistentId="087F1513-80AC-4CA6-98B8-8D4EF3A0E80A" ModuleId="Infrastructure.Interaction" />
  <Module PersistentId="DE1179D9-1315-4519-AACB-91F81BF251BD" ModuleId="Infrastructure.Bll.Model" />
  <Module PersistentId="EF77A6E5-8CA6-4AF5-905C-3F7EF78A27E5" ModuleId="Infrastructure.Common" />
  <Module PersistentId="71817827-3471-479F-B633-5BF9EF1EA09B" ModuleId="Infrastructure.DBEntity" />
  <Module PersistentId="105F2429-A07A-4B68-9081-7832DEE5B8DA" ModuleId="DAL" />
</Modules>